{
    "BLYP": {
        "STO-3G": {
            "SOMO_a": -0.10091,
            "LUMO_b": -0.01505
        },
        "3-21G": {
            "SOMO_a": -0.2398,
            "LUMO_b": -0.15689
        },
        "3-21G*": {
            "SOMO_a": -0.2398,
            "LUMO_b": -0.15689
        },
        "6-31G*": {
            "SOMO_a": -0.24018,
            "LUMO_b": -0.15598
        }
    },
    "B3LYP": {
        "STO-3G": {
            "SOMO_a": -0.17698,
            "LUMO_b": 0.02237
        },
        "3-21G": {
            "SOMO_a": -0.31466,
            "LUMO_b": -0.12108
        },
        "3-21G*": {
            "SOMO_a": -0.31466,
            "LUMO_b": -0.12108
        },
        "6-31G*": {
            "SOMO_a": -0.30815,
            "LUMO_b": -0.11276
        }
    },
    "LC-BLYP": {
        "STO-3G": {
            "SOMO_a": -0.31077,
            "LUMO_b": 0.16047
        },
        "3-21G": {
            "SOMO_a": -0.44586,
            "LUMO_b": 0.01374
        },
        "3-21G*": {
            "SOMO_a": -0.44586,
            "LUMO_b": 0.01374
        },
        "6-31G*": {
            "SOMO_a": -0.44169,
            "LUMO_b": 0.01857
        }
    }
}
